model,n,events,predictor_count,auroc,auroc_ci_low,auroc_ci_high,auprc,auprc_ci_low,auprc_ci_high,brier,brier_ci_low,brier_ci_high,calibration_intercept,calibration_slope
clinical_hpv_treatment,294,115,15,0.7539470488219577,0.6960957949259545,0.8072043412407114,0.6733500670037087,0.5858723364069919,0.7579399426210043,0.19575705164148047,0.17065801546896808,0.22231224499148233,-0.1043953699272853,0.659340581796788
clinical_hpv_treatment_expression,294,115,28,0.7499635657031818,0.6933425897623343,0.8039938614990949,0.6634275427645606,0.5757386084239399,0.7450262054878342,0.20154704241956747,0.17473903714047476,0.22966482063788124,-0.1299780435566708,0.5767793292275549
clinical_only,294,115,9,0.6385231965023075,0.5694621106639455,0.7027610238750815,0.515490966050641,0.4274848139574788,0.6173502768292725,0.23277215337952142,0.20906319291446576,0.2576606005207447,-0.19810800525459385,0.4832463278306047
