model,fold,n_validation,events_validation,auroc,auprc,brier
hnsc_clinical_only,1,59,23,0.6992753623188406,0.6109645888518569,0.2232112709707059
hnsc_clinical_only,2,59,23,0.6666666666666666,0.5368115099877543,0.2352758341351954
hnsc_clinical_only,3,59,23,0.6594202898550724,0.623563069825277,0.24732106037961094
hnsc_clinical_only,4,59,23,0.678743961352657,0.5651864062254631,0.2208311708887766
hnsc_clinical_only,5,58,23,0.5490683229813664,0.4334162530962729,0.283469361276325
